{
  "tkan": 0.07717990573890549,
  "lstm": 0.7684602827832834,
  "gru": 0.07717990573890549,
  "tcn": 0.07717990573890549
}