{
  "tkan": 0.1532926755559809,
  "lstm": 0.09700119334244314,
  "gru": 0.09700119334244314,
  "tcn": 0.652704937759133
}