{
  "tkan": 0.04806412644284751,
  "lstm": 0.06924505742962211,
  "gru": 0.05677533092241116,
  "tcn": 0.8259154852051193,
  "ensemble_accuracy": 0.5641,
  "ensemble_auc": 0.6345,
  "individual_test_accuracy": {
    "tkan": 0.5897,
    "lstm": 0.5897,
    "gru": 0.5962,
    "tcn": 0.5833
  }
}
