sharpe,cumulative_return,n_trades,win_rate
2.6067103015054096,0.1519086258677005,54,0.7222222222222222
