sharpe,cumulative_return,n_trades,win_rate
2.524762549822499,0.1482756030343395,55,0.7090909090909091
