{
  "tkan": 0.002228310482359215,
  "lstm": 0.9903349223473572,
  "gru": 0.007032912434717401,
  "tcn": 0.0004038547355659393,
  "ensemble_accuracy": 0.6906,
  "ensemble_auc": 0.7276,
  "individual_test_accuracy": {
    "tkan": 0.6981,
    "lstm": 0.6943,
    "gru": 0.6755,
    "tcn": 0.5849
  }
}
