sharpe,cumulative_return,n_trades,win_rate
2.047771046225913,0.24742509619862663,147,0.6530612244897959
