sharpe,cumulative_return,n_trades,win_rate
2.1434669335977636,0.2556601967737804,146,0.6575342465753424
